bin,count,mean_f10_vs_a1_pct,trend_7d
<0%,42,-8.142301529142214,
0-2%,12,0.8200468113126839,
2-5%,21,3.580823293076205,
5-10%,30,7.572299789984333,
10-20%,32,14.046377578529034,
>20%,44,32.39524517013646,
