bin,count,mean_f10_vs_a1_pct,trend_7d
<0%,16,-1.5375831750426943,
0-2%,32,1.0791178298454316,
2-5%,34,3.5366596534221166,
5-10%,36,7.084665210576019,
10-20%,35,14.484821971014833,
>20%,30,32.838912782035464,
