bin,count,mean_f10_vs_a1_pct,trend_7d
<0%,65,-6.120493901476215,
0-2%,19,0.7816248035969796,
2-5%,24,3.430726054901756,
5-10%,26,7.069210801318387,
10-20%,28,14.389139111942486,
>20%,22,40.121282867312445,
