bin,count,mean_f10_vs_a1_pct,trend_7d
<0%,39,-9.833373527433167,
0-2%,12,1.220029775249367,
2-5%,30,3.177792713885284,
5-10%,28,7.757967870303783,
10-20%,44,13.788381101384767,
>20%,36,32.04877849106896,
