bin,count,mean_f10_vs_a1_pct,trend_7d
<0%,28,-1.8374919663603964,
0-2%,23,1.0194539789984447,
2-5%,39,3.3365550962989383,
5-10%,41,7.269869302472606,
10-20%,24,14.078256435618178,
>20%,29,40.18650325878215,
