bin,count,mean_f10_vs_a1_pct,trend_7d
<0%,9,-2.4269232865171637,
0-2%,4,1.6037274061319329,
2-5%,7,3.1726664939403144,
5-10%,10,6.656899771904127,
10-20%,7,15.072827172917327,
>20%,1,30.93175085349813,
