bin,count,mean_f10_vs_a1_pct,trend_7d
<0%,0,,
0-2%,0,,
2-5%,3,3.455343055998261,
5-10%,3,7.063016569926577,
10-20%,3,16.299718561378004,
>20%,0,,
