bin,count,mean_delta_f10_act_pct
<0%,78,-0.22572508077444445
0-2%,13,1.1366795953204014
2-5%,31,2.9205335753245434
5-10%,26,7.611640121317973
10-20%,25,14.98302656895232
>20%,21,33.958665025138636
