bin,count,mean_delta_f10_act_pct
<0%,74,-1.294112033940481
0-2%,12,1.051349013043423
2-5%,26,3.1912808106897588
5-10%,21,7.059631841953554
10-20%,17,13.310254587187409
>20%,19,29.259203895210607
