bin,count,mean_delta_f10_act_pct
<0%,53,-0.30379175963577637
0-2%,12,1.1488949383281186
2-5%,25,2.089781498247509
5-10%,38,8.863849282061944
10-20%,18,14.880059269709307
>20%,23,40.582548788387996
