bin,count,mean_delta_f10_act_pct
<0%,78,-0.13795447130796698
0-2%,13,1.1366795953204014
2-5%,31,3.1285656085513702
5-10%,26,7.710604541432823
10-20%,25,14.540065685851207
>20%,21,33.59052556794015
