bin,count,mean_f10_vs_a1_pct,trend_7d
<0%,32,-2.8359253862608336,
0-2%,21,0.8537208131898273,
2-5%,23,3.667031698182212,
5-10%,37,6.903710579438008,
10-20%,33,13.901406603317968,
>20%,37,38.947797094386154,
