bin,count,mean_f10_vs_a1_pct,trend_7d
<0%,13,-3.1322737975611026,
0-2%,12,1.1336521480833361,
2-5%,31,3.6649842041223564,
5-10%,39,7.48266344019209,
10-20%,49,14.463786713271295,
>20%,39,34.338372162576306,
