bin,count,mean_f10_vs_a1_pct,trend_7d
<0%,28,-10.76143136555078,
0-2%,7,0.8267947474487018,
2-5%,19,3.211641286304831,
5-10%,37,7.484479789567592,
10-20%,46,14.680354613012526,
>20%,37,32.28742329745598,
