row,count,win,loss,usd_win,usd_loss,usd_total
total,4,2,2,70.96138518792759,-41.047477402003096,29.913907785924494
sent_ge_0.1,4,2,2,70.96138518792759,-41.047477402003096,29.913907785924494
sent_lt_0.1,0,0,0,0,0,0
no_sent,0,0,0,0,0,0
