row,count,win,loss,usd_win,usd_loss,usd_total
total,1,1,0,14.193025141930434,0,14.193025141930434
sent_ge_0.1,1,1,0,14.193025141930434,0,14.193025141930434
sent_lt_0.1,0,0,0,0,0,0
no_sent,0,0,0,0,0,0
