row,count,win,loss,usd_win,usd_loss,usd_total
total,4,1,2,31.050667950415118,-27.561658570864893,3.4890093795502253
sent_ge_0.1,4,1,2,31.050667950415118,-27.561658570864893,3.4890093795502253
sent_lt_0.1,0,0,0,0,0,0
no_sent,0,0,0,0,0,0
